#ENDPOLICEBRUTALITY,#SARSMUSTEND,4
#ENDPOLICEBRUTALITY,#ENDSARSNOW,6
#ENDPOLICEBRUTALITY,#ENDSARS,2
#ENDPOLICEBRUTALITY,#ENDSWAT,2
#EndPoliceBrutalityInNigeriaNow,#EndSARSBrutality,3
#EndPoliceBrutalityInNigeriaNow,#SarsMustGoNow,1
#EndPoliceBrutalityInNigeriaNow,#EndSARS,3
#EndPoliceBrutalityInNigeriaNow,#PoliceBrutalityInNigeria,1
#EndPoliceBrutalityInNigeriaNow,#SWAT,1
#EndPoliceBrutalityInNigeriaNow,#SARSMUSTEND,2
#EndPoliceBrutalityInNigeriaNow,#EndSarsNow,1
#EndPoliceBrutalityInNigeriaNow,#EndNigeriaNow,1
#EndPoliceBrutalityInNigeriaNow,#BuhariHasBeenABadBoy,1
#EndPoliceBrutalityInNigeriaNow,#SARSMUSTENDNOW,1
#EndPoliceBrutalityInNigeriaNow,#EndBadGovernanceinNIGERIA,1
#EndPoliceBrutalityInNigeriaNow,#ENDSWAT,2
#EndSARS,#EndSarsNow,41
#EndSARS,#endswatnow,5
#EndSARS,#SWAT,7
#EndSARS,#BuhariHasBeenABadBoy,3
#EndSARS,#EndSWAT,141
#EndSARS,#EndSARSBrutality,16
#EndSARS,#Buharimustgo,1
#EndSARS,#SarsMustGoNow,51
#EndSARS,#ENDSARSOPPRESSION,4
#EndSARS,#NOSWAT,1
#EndSARS,#EndPoliceHarassment,2
#EndSARS,#wereydeydisguise,1
#EndSARS,#IbadanProtests,1
#EndSARS,#iPhone12,2
#EndSARS,#AppleEvent,4
#EndSARS,#SARS,3
#EndSARS,#AbujaProtests,27
#EndSARS,#EndNigeriaNow,1
#EndSARS,#EndBadGovernanceinNIGERIA,17
#EndSARS,#ENDSWAT,2
#EndSARS,#EndPoliceBrutality,65
#EndSARS,#ReformThePoliceNG,2
#EndSARS,#SARSMUSTEND,63
#EndSARS,#SARSMUSTENDNOW,32
#EndSARS,#5for5,2
#EndSARS,#EndPoliceBrutalityinNigeria,76
#EndSARS,#endswat,2
#EndSarsNow,#endswatnow,3
#EndSarsNow,#BuhariHasBeenABadBoy,58
#EndSarsNow,#EndSWAT,26
#EndSarsNow,#EndSARSBrutality,8
#EndSarsNow,#Buharimustgo,1
#EndSarsNow,#SarsMustGoNow,7
#EndSarsNow,#SWAT,3
#EndSarsNow,#EndPoliceHarassment,1
#EndSarsNow,#iPhone12,1
#EndSarsNow,#AppleEvent,8
#EndSarsNow,#ENDSARSOPPRESSION,3
#EndSarsNow,#SARS,3
#EndSarsNow,#AbujaProtests,13
#EndSarsNow,#EndNigeriaNow,3
#EndSarsNow,#EndBadGovernanceinNIGERIA,9
#EndSarsNow,#ENDSWAT,4
#EndSarsNow,#EndPoliceBrutality,21
#EndSarsNow,#SARSMUSTEND,20
#EndSarsNow,#EndPoliceBrutalityinNigeria,47
#EndSarsNow,#EndSwat,1
#saynotoswat,#endswatnow,1
#saynotoswat,#EndSWAT,1
#endswatnow,#EndSWAT,200
#endswatnow,#SARSMUSTEND,3
#endswatnow,#audio,1
#endswatnow,#Buharimustgo,1
#endswatnow,#SarsMustGoNow,3
#endswatnow,#SWAT,1
#endswatnow,#wereydeydisguise,1
#endswatnow,#IbadanProtests,1
#endswatnow,#EndSars,1
#endswatnow,#endswat,1
#endswatnow,#SARS,1
#endswatnow,#Alimoshoprotest,174
#endswatnow,#AbujaProtests,1
#endswatnow,#AdamuMustGo,2
#endswatnow,#ENDSARSOPPRESSION,1
#endswatnow,#EndPoliceBrutality,3
#endswatnow,#EnSwatinnigeria,1
#endswatnow,#EndSARSBrutality,1
#endswatnow,#5for5,1
#endswatnow,#endSWAT,1
#endswatnow,#EndPoliceBrutalityinNigeria,178
#endswatnow,#EndSwat,1
#BuhariHasBeenABadBoy,#EndSARSBrutality,2
#BuhariHasBeenABadBoy,#EndPoliceBrutality,2
#BuhariHasBeenABadBoy,#SarsMustGoNow,13
#BuhariHasBeenABadBoy,#AppleEvent,1
#BuhariHasBeenABadBoy,#SARSMUSTEND,9
#BuhariHasBeenABadBoy,#EndPoliceHarassment,1
#BuhariHasBeenABadBoy,#ENDSWAT,1
#BuhariHasBeenABadBoy,#EndNigeriaNow,1
#BuhariHasBeenABadBoy,#SARSMUSTENDNOW,6
#BuhariHasBeenABadBoy,#EndBadGovernanceinNIGERIA,3
#BuhariHasBeenABadBoy,#EndPoliceBrutalityinNigeria,8
#BuhariHasBeenABadBoy,#EndSWAT,5
#EndSWAT,#SARSMUSTEND,54
#EndSWAT,#audio,1
#EndSWAT,#Buharimustgo,1
#EndSWAT,#SarsMustGoNow,50
#EndSWAT,#SWAT,6
#EndSWAT,#AppleEvent,4
#EndSWAT,#ENDSARSNOW,2
#EndSWAT,#wereydeydisguise,2
#EndSWAT,#SARSMUSTENDNOW,106
#EndSWAT,#iPhone12,2
#EndSWAT,#EndPoliceHarassment,4
#EndSWAT,#SARS,1
#EndSWAT,#Alimoshoprotest,174
#EndSWAT,#AbujaProtests,2
#EndSWAT,#ENDSWATNOW,1
#EndSWAT,#AdamuMustGo,2
#EndSWAT,#ENDSARSOPPRESSION,12
#EndSWAT,#ENDSWAT,5
#EndSWAT,#EndPoliceBrutality,16
#EndSWAT,#ENDSARS,14
#EndSWAT,#ReformThePoliceNG,1
#EndSWAT,#EndSARSBrutality,23
#EndSWAT,#EndBadGovernanceinNIGERIA,13
#EndSWAT,#EndPoliceBrutalityinNigeria,218
#SARSMUSTEND,#SarsMustGoNow,124
#SARSMUSTEND,#SWATMUSTEND,1
#SARSMUSTEND,#PoliceBrutalityInNigeria,1
#SARSMUSTEND,#SWAT,4
#SARSMUSTEND,#NOSWAT,1
#SARSMUSTEND,#EndPoliceHarassment,1
#SARSMUSTEND,#ENDSARSNOW,4
#SARSMUSTEND,#SWATMUSTGO,1
#SARSMUSTEND,#IbadanProtests,1
#SARSMUSTEND,#SARS,1
#SARSMUSTEND,#WedontWant,1
#SARSMUSTEND,#AppleEvent,17
#SARSMUSTEND,#EndSars,349
#SARSMUSTEND,#AbujaProtests,1
#SARSMUSTEND,#EndPoliceBrutality,91
#SARSMUSTEND,#EndNigeriaNow,1
#SARSMUSTEND,#ENDSARSOPPRESSION,6
#SARSMUSTEND,#ENDSWAT,8
#SARSMUSTEND,#SARSMUSTENDNOW,247
#SARSMUSTEND,#ENDSARS,16
#SARSMUSTEND,#EndSARSBrutality,3
#SARSMUSTEND,#5for5,2
#SARSMUSTEND,#EndBadGovernanceinNIGERIA,11
#SARSMUSTEND,#EndPoliceBrutalityinNigeria,47
#SARSMUSTEND,#endswat,1
#audio,#SarsMustGoNow,1
#Buharimustgo,#SARS,1
#Buharimustgo,#SWAT,1
#Buharimustgo,#EndSARSBrutality,1
#Buharimustgo,#ENDSARSOPPRESSION,1
#Buharimustgo,#EndPoliceBrutalityinNigeria,1
#SarsMustGoNow,#EndSARSBrutality,3
#SarsMustGoNow,#PoliceBrutalityInNigeria,2
#SarsMustGoNow,#SWAT,4
#SarsMustGoNow,#wereydeydisguise,4
#SarsMustGoNow,#SWATMUSTGO,1
#SarsMustGoNow,#IbadanProtests,4
#SarsMustGoNow,#iPhone12,7
#SarsMustGoNow,#SARS,2
#SarsMustGoNow,#WedontWant,1
#SarsMustGoNow,#AppleEvent,9
#SarsMustGoNow,#EndSars,1
#SarsMustGoNow,#EndPoliceBrutality,14
#SarsMustGoNow,#ENDSARSOPPRESSION,4
#SarsMustGoNow,#ENDSWAT,10
#SarsMustGoNow,#SARSMUSTENDNOW,155
#SarsMustGoNow,#ENDSARS,1
#SarsMustGoNow,#EndBadGovernanceinNIGERIA,9
#SarsMustGoNow,#EndPoliceBrutalityinNigeria,45
#SarsMustGoNow,#endswat,1
#SWATMUSTEND,#ENDSWAT,1
#PoliceBrutalityInNigeria,#EndSARSBrutality,1
#PoliceBrutalityInNigeria,#SARSMUSTENDNOW,2
#PoliceBrutalityInNigeria,#EndPoliceBrutalityinNigeria,1
#PoliceBrutalityInNigeria,#ENDSWAT,1
#SWAT,#AbujaProtests,1
#SWAT,#ReformThePoliceNG,1
#SWAT,#EndSARSBrutality,2
#SWAT,#ENDSWAT,1
#SWAT,#SARS,21
#SWAT,#SARSMUSTENDNOW,3
#SWAT,#ENDSARSOPPRESSION,1
#SWAT,#EndPoliceBrutalityinNigeria,3
#NOSWAT,#Armyalone,1
#NOSWAT,#ENDSWAT,1
#EndPoliceHarassment,#EndPoliceBrutality,4
#EndPoliceHarassment,#ENDSARSOPPRESSION,1
#EndPoliceHarassment,#EndSARSBrutality,1
#EndPoliceHarassment,#EndPoliceBrutalityinNigeria,3
#EndPoliceHarassment,#EndBadGovernanceinNIGERIA,2
#EndPoliceHarassment,#SARSMUSTENDNOW,1
#EndPoliceHarassment,#ENDSWAT,1
#ENDSARSNOW,#EndPoliceBrutality,1
#ENDSARSNOW,#SARSMUSTENDNOW,1
#ENDSARSNOW,#ENDSWAT,14
#wereydeydisguise,#EndSARSBrutality,1
#wereydeydisguise,#EndPoliceBrutalityinNigeria,1
#SWATMUSTGO,#ENDSWATNOW,1
#SWATMUSTGO,#ENDSWAT,1
#SARSMUSTENDNOW,#AppleEvent,8
#SARSMUSTENDNOW,#ENDSARSOPPRESSION,2
#SARSMUSTENDNOW,#EndSARSBrutality,2
#SARSMUSTENDNOW,#ENDSARS,12
#SARSMUSTENDNOW,#ReformThePoliceNG,1
#SARSMUSTENDNOW,#EndBadGovernanceinNIGERIA,21
#SARSMUSTENDNOW,#EndPoliceBrutality,6
#SARSMUSTENDNOW,#ENDSWAT,5
#SARSMUSTENDNOW,#EndPoliceBrutalityinNigeria,16
#iPhone12,#AppleEvent,325
#iPhone12,#ENDSWAT,7
#SARS,#EndSARSBrutality,1
#SARS,#IbadanProtests,1
#SARS,#ENDSARSOPPRESSION,1
#SARS,#EndPoliceBrutalityinNigeria,2
#WedontWant,#ENDSWAT,1
#AppleEvent,#EndPoliceBrutality,3
#AppleEvent,#EndBadGovernanceinNIGERIA,3
#AppleEvent,#ENDSWAT,1
#AppleEvent,#ENDSARSOPPRESSION,1
#AppleEvent,#EndPoliceBrutalityinNigeria,2
#ENDSARSOPPRESSION,#EndSARSBrutality,3
#ENDSARSOPPRESSION,#EndPoliceBrutality,6
#ENDSARSOPPRESSION,#EndNigeriaNow,1
#ENDSARSOPPRESSION,#ENDSWAT,3
#ENDSARSOPPRESSION,#EndBadGovernanceinNIGERIA,6
#ENDSARSOPPRESSION,#EndPoliceBrutalityinNigeria,8
#EndSars,#AbujaProtests,1
#EndSars,#5for5,1
#EndSars,#IbadanProtests,1
#EndSars,#EndPoliceBrutalityinNigeria,11
#EndSars,#endSWAT,1
#Alimoshoprotest,#EndPoliceBrutalityinNigeria,174
#AbujaProtests,#endswat,1
#AbujaProtests,#endSWAT,1
#AbujaProtests,#5for5,2
#AbujaProtests,#IbadanProtests,1
#AbujaProtests,#EndPoliceBrutalityinNigeria,19
#EndPoliceBrutality,#EndSARSBrutality,4
#EndPoliceBrutality,#ENDSARS,2
#EndPoliceBrutality,#EndPoliceBrutalityinNigeria,10
#EndPoliceBrutality,#5for5,2
#EndPoliceBrutality,#EndBadGovernanceinNIGERIA,10
#EndPoliceBrutality,#ENDSWAT,2
#ENDSWATNOW,#ENDSWAT,1
#EndNigeriaNow,#EndSARSBrutality,2
#EndNigeriaNow,#EndBadGovernanceinNIGERIA,1
#EndNigeriaNow,#EndPoliceBrutalityinNigeria,2
#EndNigeriaNow,#ENDSWAT,1
#EndBadGovernanceinNIGERIA,#EndSARSBrutality,3
#EndBadGovernanceinNIGERIA,#ENDSARS,1
#EndBadGovernanceinNIGERIA,#ENDSWAT,3
#EndBadGovernanceinNIGERIA,#EndPoliceBrutalityinNigeria,25
#ENDSWAT,#ENDSARS,3
#ENDSWAT,#ReformThePoliceNG,1
#ENDSWAT,#EndSARSBrutality,3
#ENDSWAT,#Armyalone,1
#ENDSWAT,#EndPoliceBrutalityinNigeria,6
#IbadanProtests,#5for5,1
#IbadanProtests,#endSWAT,1
#ENDSARS,#EndPoliceBrutalityinNigeria,3
#ReformThePoliceNG,#EndPoliceBrutalityinNigeria,1
#EnSwatinnigeria,#EndSwat,1
#EndSARSBrutality,#EndPoliceBrutalityinNigeria,12
#5for5,#EndPoliceBrutalityinNigeria,2
#5for5,#endSWAT,1
#endswat,#EndPoliceBrutalityinNigeria,2
