#MAGA,#TrumpHasCovid,1153
#MAGA,#ChrisChristie,2
#MAGA,#HarrisBiden,1
#MAGA,#COVID19,2197
#MAGA,#Obamacare,20
#MAGA,#DonaldTrump,95
#MAGA,#Trump,1173
#MAGA,#TuesdayThoughts,804
#MAGA,#healthcare,18
#MAGA,#pandemic,16
#MAGA,#coronavirus,5668
#MAGA,#TrumpCovid,119
#DiaMundialDeLosDocentes,#COVID19,2957
#DiaMundialDeLosDocentes,#coronavirus,6
#DiaMundialDeLosDocentes,#WorldTeachersDay,12529
*aware police,#AppleEvent,92
*aware police,*sars menace apple,7
*magic,#AppleEvent,112
*magic,*ready,599
*magic,*like button,28
*magic,*retweet,162
#Obamacare,#TrumpHasCovid,8
#Obamacare,#Election2020,4
#Obamacare,#COVID19,2770
#Obamacare,#PreExistingConditions,2781
#Obamacare,#COVID,4
#Obamacare,#TrumpCovid19,2752
#Obamacare,#healthcare,2786
#Obamacare,#pandemic,2764
#Obamacare,#Trump,7
*your…,#AppleEvent,937
*your…,*today,1591
*your…,*animation,1257
*animation,*twitter,31
*animation,#AppleEvent,1422
*animation,*browser&slash;force,1
*animation,*retweet,152
*animation,*today,1480
*animation,*like button,8
*browser&slash;force,#AppleEvent,86
*browser&slash;force,*today,1
*browser&slash;force,*twitter,95
#COVID,#TrumpHasCovid,1452
#COVID,#pandemic,60
#COVID,#COVID19,2825
#COVID,#DonaldTrump,30
#COVID,#Trump,1158
#COVID,#CovidCaughtTrump,173
#COVID,#Corona,73
#COVID,#ChrisChristie,2
#COVID,#mentalhealth,25
#COVID,#TrumpVirus,42
#COVID,#coronavirus,542
#COVID,#TrumpCovid,119
#Corona,#TrumpHasCovid,374
#Corona,#COVID19,2949
#Corona,#coronavirus,523
#Corona,#Coronavirus,226
#Corona,#Trump,5826
#CovidCaughtTrump,#TrumpHasCovid,5539
#CovidCaughtTrump,#ChrisChristie,4
#CovidCaughtTrump,#COVID19,2826
#CovidCaughtTrump,#DonaldTrump,20
#CovidCaughtTrump,#Trump,1877
#CovidCaughtTrump,#TrumpCovid19,48
#CovidCaughtTrump,#TrumpVirus,664
#CovidCaughtTrump,#coronavirus,206
#CovidCaughtTrump,#TrumpCovid,1131
*comment,*retweet,1663
*comment,#AppleEvent,169
#TeachersDay,#StudentLivesMatter,3888
#TeachersDay,#Teachers,4154
#TeachersDay,#tipsforlife,2570
#TeachersDay,#teacherlife,2674
#TeachersDay,#Education,4080
#TeachersDay,#COVID19,4220
#TeachersDay,#WorldTeachersDay,330
#TeachersDay,#PakistaniTeachers,3888
#TeachersDay,#WorldTeachersDay2020,4289
#TeachersDay,#Teachersday2020,4543
#TeachersDay,#TrumpCovid19,10
#TeachersDay,#PakistaniStudents,3888
#TeachersDay,#Leadership,4056
#TeachersDay,#coronavirus,11
#tipsforlife,#StudentLivesMatter,1458
#tipsforlife,#Teachers,2827
#tipsforlife,#teacherlife,2187
#tipsforlife,#Education,2056
#tipsforlife,#COVID19,2187
#tipsforlife,#PakistaniTeachers,1944
#tipsforlife,#WorldTeachersDay2020,2827
#tipsforlife,#Teachersday2020,2570
#tipsforlife,#PakistaniStudents,1944
#tipsforlife,#Leadership,3084
*apple october event,#AppleEvent,60
*tweets,#AppleEvent,890
*tweets,*twitter,45936
*tweets,*button,182
*tweets,*spamming,2424
*cool animation,*twitter,20
*cool animation,*retweet,53560
*cool animation,*tweet,28
*cool animation,#AppleEvent,7999
*cool animation,*like button,2
*cool animation,*button,1
*cool animation,*guys,1
*tweet,*twitter,27919
*tweet,*trend,4071
*tweet,*retweet,12234
*tweet,#AppleEvent,587
*tweet,*today,11015
*tweet,*like button,30
*tweet,*spamming,61
*tweet,*button,417
*tweet,*guys,26426
#coronavirus,#TrumpHasCovid,3869
#coronavirus,#WorldTeachersDay2020,7
#coronavirus,#pandemic,532
#coronavirus,#WorldTeachersDay,884
#coronavirus,#COVID19,18867
#coronavirus,#Election2020,76
#coronavirus,#DonaldTrump,1214
#coronavirus,#TuesdayThoughts,1218
#coronavirus,#TrumpCovid19,1092
#coronavirus,#healthcare,12
#coronavirus,#Trump,13491
#coronavirus,#TrumpCovid,1223
#TrumpVirus,#TrumpHasCovid,6973
#TrumpVirus,#ChrisChristie,6
#TrumpVirus,#TrumpCovid19,1008
#TrumpVirus,#COVID19,2324
#TrumpVirus,#Trump,1676
#TrumpVirus,#TrumpCovid,2093
*nigeri…,#AppleEvent,105
*nigeri…,*landing,173
*nigeri…,*phone,152
*nigeri…,*trouble,110
#ChrisChristie,#TrumpHasCovid,40
#ChrisChristie,#COVID19,2537
#ChrisChristie,#Trump,5
#ChrisChristie,#TrumpCovid,8
#HarrisBiden,#COVID19,12382
#HarrisBiden,#TuesdayThoughts,1
#WorldTeachersDay,#Education,11
#WorldTeachersDay,#Teachers,678
#WorldTeachersDay,#COVID19,2809
#WorldTeachersDay,#TrumpCovid19,169
#WorldTeachersDay,#Teachersday2020,8
#WorldTeachersDay,#WorldTeachersDay2020,947
#WorldTeachersDay,#teacherlife,2
#COVID19,#DonaldTrump,4091
#COVID19,#WorldTeachersDay2020,4048
#COVID19,#Teachersday2020,3900
#COVID19,#PakistaniStudents,3888
#COVID19,#pandemic,4872
#COVID19,#Leadership,3914
#COVID19,#Coronavirus,3689
#COVID19,#TrumpCovid,5451
#COVID19,#TrumpHasCovid,19519
#COVID19,#StudentLivesMatter,3888
#COVID19,#teacherlife,2188
#COVID19,#PreExistingConditions,2793
#COVID19,#PakistaniTeachers,3888
#COVID19,#Trump,20077
#COVID19,#TuesdayThoughts,3289
#COVID19,#healthcare,2915
#COVID19,#Education,3916
#COVID19,#Teachers,3902
#COVID19,#Election2020,2191
#COVID19,#TrumpCovid19,8316
#COVID19,#mentalhealth,6012
#DonaldTrump,#TrumpHasCovid,2615
#DonaldTrump,#Election2020,23
#DonaldTrump,#TrumpCovid19,47
#DonaldTrump,#Trump,2079
#DonaldTrump,#Coronavirus,43
#DonaldTrump,#TrumpCovid,324
*trouble,#AppleEvent,63
*trouble,*landing,132
*trouble,*phone,1032
*high note,#AppleEvent,70
*high note,*apple,67
#WorldTeachersDay2020,#StudentLivesMatter,3888
#WorldTeachersDay2020,#Teachers,4096
#WorldTeachersDay2020,#teacherlife,2673
#WorldTeachersDay2020,#PakistaniTeachers,3888
#WorldTeachersDay2020,#Teachersday2020,4116
#WorldTeachersDay2020,#Education,4056
#WorldTeachersDay2020,#PakistaniStudents,3888
#WorldTeachersDay2020,#Leadership,4056
#Teachersday2020,#StudentLivesMatter,3888
#Teachersday2020,#Teachers,4117
#Teachersday2020,#teacherlife,2916
#Teachersday2020,#PakistaniTeachers,3888
#Teachersday2020,#Education,4057
#Teachersday2020,#PakistaniStudents,3888
#Teachersday2020,#Leadership,4056
#PreExistingConditions,#TrumpHasCovid,2
#PreExistingConditions,#TrumpCovid19,2748
#PreExistingConditions,#healthcare,2758
#PreExistingConditions,#pandemic,2751
#PreExistingConditions,#Trump,3
#PakistaniStudents,#StudentLivesMatter,3888
#PakistaniStudents,#Teachers,3888
#PakistaniStudents,#teacherlife,2916
#PakistaniStudents,#Education,3888
#PakistaniStudents,#PakistaniTeachers,3888
#PakistaniStudents,#Leadership,3888
#pandemic,#TrumpHasCovid,58
#pandemic,#TrumpCovid19,2801
#pandemic,#healthcare,2783
#pandemic,#mentalhealth,60
#pandemic,#Trump,645
#TrumpCovid,#TrumpHasCovid,18862
#TrumpCovid,#TrumpCovid19,4252
#TrumpCovid,#Coronavirus,17
#TrumpCovid,#Trump,4803
#Coronavirus,#TrumpHasCovid,74
#Coronavirus,#Trump,718
#Trump,#TrumpHasCovid,23800
#Trump,#Election2020,1035
#Trump,#TrumpCovid19,2936
#Trump,#TuesdayThoughts,2302
#TrumpHasCovid,#Election2020,1629
#TrumpHasCovid,#TrumpCovid19,737
#TrumpHasCovid,#healthcare,8
#StudentLivesMatter,#Education,3888
#StudentLivesMatter,#Teachers,3888
#StudentLivesMatter,#teacherlife,2916
#StudentLivesMatter,#PakistaniTeachers,3888
#StudentLivesMatter,#Leadership,3888
*trend,#AppleEvent,66
*trend,*today,7624
#teacherlife,#Teachers,2673
#teacherlife,#PakistaniTeachers,2673
#teacherlife,#Education,2916
#teacherlife,#Leadership,2187
*spamming,#AppleEvent,544
*spamming,*event,748
*spamming,*today,828
*spamming,*phone,4
*spamming,*guys,748
#AppleEvent,*world,179
#AppleEvent,*retweet,23324
#AppleEvent,*today,3653
#AppleEvent,*like button,455
#AppleEvent,*guys,742
#AppleEvent,*nigerians,379
#AppleEvent,*released today right apple,124
#AppleEvent,*landing,126
#AppleEvent,*phone,72
#AppleEvent,*ready,58
#AppleEvent,*twitter,93
#AppleEvent,*iphones,75
#AppleEvent,*event,457
#AppleEvent,*watch,63
#AppleEvent,*button,218
#AppleEvent,*sars menace apple,90
#AppleEvent,*iphone,3102
#AppleEvent,*device,76
#AppleEvent,*apple,225
*like button,*retweet,18
*like button,*today,9
*device,*iphone,1072
*device,*iphones,11
#PakistaniTeachers,#Teachers,3888
#PakistaniTeachers,#Education,3888
#PakistaniTeachers,#Leadership,3888
*nigerians,*today,4005
*nigerians,*iphones,552
*nigerians,*button,340
#TuesdayThoughts,#Election2020,81
#TuesdayThoughts,#TrumpCovid19,1046
#healthcare,#TrumpCovid19,2748
#healthcare,#mentalhealth,79
*ready,*iphones,13
*ready,*button,243
*landing,*phone,175
*phone,*iphone,3825
*phone,*apple,3484
*button,*iphones,14
*button,*watch,243
*button,*today,346
#Education,#Teachers,4146
#Education,#Leadership,4057
#Teachers,#Leadership,3718
*iphones,*iphone,353
*iphones,*today,50
*iphones,*apple,390
*world,*today,8683
*event,*apple,332
*event,*today,1159
*event,*guys,821
*released today right apple,*iphone,1210
*retweet,*apple,379
*iphone,*apple,9858
