#JIMINDAY,#LosAngeles,0.027777777777778
#Azerbaijan,#JIMINDAY,0.027777777777778
#JIMINDAY,#internationaldayofgirl,0.027777777777778
#JIMINDAY,#StopAzerbaijaniAggression,0.027777777777778
#ChristopherColumbus,#JIMINDAY,0.027777777777778
#JIMINDAY,#waytooearly,0.027777777777778
#JIMINDAY,#StopAliyev,0.027777777777778
#JIMINDAY,#StopErdogan,0.027777777777778
#JIMINDAY,#StopAzerbaijaniAgression,0.027777777777778
#JIMINDAY,#SanctionTurkey,0.027777777777778
#JIMINDAY,#RecognizeArtsakh,0.027777777777778
#JIMINDAY,#SanctionAzerbaijan,0.027777777777778
#JIMINDAY,#StopTurkeyAgression,0.027777777777778
#JIMINDAY,#StopGenocide,0.027777777777778
#JIMINDAY,#StopAzerbaijanAggression,0.027777777777778
#Artsakh,#JIMINDAY,0.027777777777778
#JIMINDAY,#genocide,0.027777777777778
#Holocaust,#JIMINDAY,0.027777777777778
#JIMINDAY,#amazon,0.021276595744681
#ColumbusDay,#JIMINDAY,0.020833333333333
#JIMINDAY,#Turkey,0.020833333333333
#JIMINDAY,#lockdown,0.02
#AmyConeyBarrett,#JIMINDAY,0.02
#JIMINDAY,#mondaythoughts,0.02
#JIMINDAY,#PrimeDay,0.017857142857143
#JIMINDAY,#PrimeDay2020,0.017857142857143
#IndigenousPeoplesDay2020,#JIMINDAY,0.016129032258065
#JIMINDAY,#MondayMorning,0.016129032258065
#JIMINDAY,#VoteBiden,0.014084507042254
#JIMINDAY,#SARSMUSTEND,0.013698630136986
#JIMINDAY,#MondayMotivation,0.013698630136986
