#dhobi,#ChennaiSuperKings,1
#dhobi,#iPhone12,1
#dhobi,#SRHvCSK,1
#dhobi,#CSKvsSRH,1
#dhobi,#MSDhoni,1
#dhobi,#Dhoni,1
#dhobi,#SunrisersHyderabad,1
#dhobi,#CSKvSRH,1
#bitcoin,#AppleEvent,1
#bitcoin,#iPhone12,1
#bitcoin,#wake_up_pbte,1
#bitcoin,#Dhoni,13
#CSKvsSRH,#ChennaiSuperKings,60
#CSKvsSRH,#SunrisersHyderabad,29
#CSKvsSRH,#Dhoni,5376
#CSKvsSRH,#CSKvSRH,1349
#CSKvsSRH,#MSDhoni,4086
#CSKvsSRH,#SRHvCSK,1262
#CSKvsSRH,#iPhone12,1
#conceptart,#AppleTV,2
#conceptart,#exposingleaks,1
#conceptart,#iPhone,2
#conceptart,#iPhone12,2
#conceptart,#Youtube,2
#conceptart,#Apple,2
#BB14GrandPremiere,#wake_up_pbte,2
#BB14GrandPremiere,#AppleEvent,2
#BB14GrandPremiere,#DarshanRavalxShreyaGhoshal,1
#BB14GrandPremiere,#NawazTraitorOfPakistan,2
#BB14GrandPremiere,#COVIDIDIOTS,2
#BB14GrandPremiere,#iPhone12,2
#BB14GrandPremiere,#breaking,2
#BB14GrandPremiere,#Apple,2
@AliAltawil8,#iPhone12,1
#PCAs,#wake_up_pbte,1
#PCAs,#AppleEvent,1
#PCAs,#iPhone,1
#PCAs,#NawazTraitorOfPakistan,1
#PCAs,#iPhone12,1
#PCAs,#DarshanRavalxShreyaGhoshal,1
#COVIDIDIOTS,#wake_up_pbte,2
#COVIDIDIOTS,#AppleEvent,2
#COVIDIDIOTS,#DarshanRavalxShreyaGhoshal,1
#COVIDIDIOTS,#NawazTraitorOfPakistan,2
#COVIDIDIOTS,#iPhone12,2
#COVIDIDIOTS,#breaking,2
#COVIDIDIOTS,#Apple,2
#Dhoni,#ChennaiSuperKings,697
#Dhoni,#SunrisersHyderabad,7
#Dhoni,#SRHvCSK,377
#Dhoni,#MSDhoni,4032
#Dhoni,#CSKvSRH,1690
#Dhoni,#iPhone12,1
#Apple,#AppleTV,2
#Apple,#wake_up_pbte,2
#Apple,#AppleStore,1
#Apple,#AppleEvent,2
#Apple,#exposingleaks,1
#Apple,#iPhone,4
#Apple,#NawazTraitorOfPakistan,2
#Apple,#iPhone12,11
#Apple,#breaking,2
#Apple,#Youtube,2
#iPhone12,#DarshanRavalxShreyaGhoshal,1
#iPhone12,#iPhone,3
#iPhone12,#SunrisersHyderabad,1
#iPhone12,#breaking,2
#iPhone12,#Youtube,2
#iPhone12,#AppleTV,2
#iPhone12,#ChennaiSuperKings,1
#iPhone12,#AppleStore,1
#iPhone12,#AppleEvent,2
#iPhone12,#CSKvSRH,1
#iPhone12,#Tesla,1
#iPhone12,#NawazTraitorOfPakistan,2
#iPhone12,#SRHvCSK,1
#iPhone12,@MacRumors,2
#iPhone12,#wake_up_pbte,2
#iPhone12,@SunnyMa88994150,1
#iPhone12,#exposingleaks,1
#iPhone12,@mohsin__mughal,1
#iPhone12,#MSDhoni,1
#iPhone12,@techworld005,1
#breaking,#wake_up_pbte,2
#breaking,#AppleEvent,2
#breaking,#NawazTraitorOfPakistan,2
#Youtube,#AppleTV,2
#Youtube,#exposingleaks,1
#Youtube,#iPhone,2
#AppleTV,#exposingleaks,1
#AppleTV,#iPhone,2
#ChennaiSuperKings,#SunrisersHyderabad,34
#ChennaiSuperKings,#CSKvSRH,16
#ChennaiSuperKings,#SRHvCSK,6
#ChennaiSuperKings,#MSDhoni,183
#AppleStore,#iPhone,1
#AppleEvent,#DarshanRavalxShreyaGhoshal,1
#AppleEvent,#wake_up_pbte,2
#AppleEvent,#NawazTraitorOfPakistan,2
#CSKvSRH,#MSDhoni,1482
#CSKvSRH,#SRHvCSK,1157
#CSKvSRH,#SunrisersHyderabad,10
#NawazTraitorOfPakistan,#DarshanRavalxShreyaGhoshal,1
#NawazTraitorOfPakistan,#wake_up_pbte,2
#SRHvCSK,#SunrisersHyderabad,5
#SRHvCSK,#MSDhoni,995
#DarshanRavalxShreyaGhoshal,#wake_up_pbte,1
#SunrisersHyderabad,#MSDhoni,8
#exposingleaks,#iPhone,1
